{"cameraMode":{"drawMode":0,"name":"Shaded","section":"Shading Mode"},"sceneLighting":false,"audioPlay":false,"sceneViewState":{"showFog":true,"showMaterialUpdate":false,"showSkybox":false,"showFlares":true,"showImageEffects":true,"showParticleSystems":true},"in2DMode":false,"pivot":{"x":-4.570000171661377,"y":1.3799999952316285,"z":2.0799999237060549},"rotation":{"x":-0.15686653554439546,"y":0.645298957824707,"z":-0.1377502977848053,"w":-0.734859049320221},"size":2.4774577617645265,"orthographic":false}