{"cameraMode":{"drawMode":0,"name":"Shaded","section":"Shading Mode"},"sceneLighting":false,"audioPlay":false,"sceneViewState":{"showFog":true,"showMaterialUpdate":false,"showSkybox":false,"showFlares":true,"showImageEffects":true,"showParticleSystems":true},"in2DMode":false,"pivot":{"x":-109.23023986816406,"y":6.854729652404785,"z":0.04936408996582031},"rotation":{"x":-0.0573946014046669,"y":0.920456051826477,"z":-0.14789077639579774,"w":-0.35722124576568606},"size":1.6969828605651856,"orthographic":false}