{"cameraMode":{"drawMode":0,"name":"Shaded","section":"Shading Mode"},"sceneLighting":false,"audioPlay":false,"sceneViewState":{"showFog":true,"showMaterialUpdate":false,"showSkybox":false,"showFlares":true,"showImageEffects":true,"showParticleSystems":true},"in2DMode":false,"pivot":{"x":-19.534564971923829,"y":1.1210637092590333,"z":0.2758476734161377},"rotation":{"x":-0.15686653554439546,"y":0.645298957824707,"z":-0.1377502977848053,"w":-0.734859049320221},"size":5.066500186920166,"orthographic":false}