{"cameraMode":{"drawMode":0,"name":"Shaded","section":"Shading Mode"},"sceneLighting":false,"audioPlay":false,"sceneViewState":{"showFog":true,"showMaterialUpdate":false,"showSkybox":false,"showFlares":true,"showImageEffects":true,"showParticleSystems":true},"in2DMode":false,"pivot":{"x":-0.03999999910593033,"y":1.3799999952316285,"z":2.195000171661377},"rotation":{"x":0.11272423714399338,"y":-0.6867374777793884,"z":0.10906456410884857,"w":0.7097819447517395},"size":2.456080913543701,"orthographic":false}